{
    "01": "Ahmedabad",
    "02": "Mahesana",
    "03": "Rajkot",
    "04": "Bhavnagar",
    "05": "Surat",
    "06": "Vadodra",
    "07": "Gandhinagar",
    "08": "Junagadh",
    "09": "Jamnagar",
    "10": "Bhavnagar",
    "11": "Porbandar",
    "12": "Patan",
    "13": "Morbi",
    "14": "Navsari",
    "15": "anand",
    "16": "Vadnagar",
    "17": "Kheralu",
    "18": "Visnagar",
    "19": "Himmatnagar",
    "20": "Sidhhpur",
    "21": "Satlasana",
    "22": "Ambaji",
    "23": "Kalol",
    "24": "Bharuch",
    "25": "Godhara",
    "26": "Veraval",
    "27": "Palanpur",
    "28": "Dahod",
    "29": "Nadiyad",
    "30": "Valsad",
    "31": "Gondal",
    "32": "Gandhidham",
    "33": "Botad",
    "34": "Amreli",
    "35": "Ankleshwar",
    "36": "Bhuj",
    "37": "Vapi",
    "38": "Jetpur",
    "39": "Dwarka"
}